Workbook

Sheet Sheet1
A1: Order ID | B1: Restaurant ID | C1: City | D1: Order Date | E1: Delivery Date | F1: Delivery Partner | G1: Delivery Time (min) | H1: Delivery Charge
A2: O101 | B2: R01 | C2: Ahmedabad | D2: 46315 | E2: 46315 | F2: Rahul | G2: 30 | H2: 35 | I2: =VLOOKUP(B2,'Restaurant Details'!$A$2:$B$5,2,FALSE) -> Pizza Palace | J2: =_xlfn.XLOOKUP(B2,'Restaurant Details'!$A$2:$A$5,'Restaurant Details'!$B$2:$B$5,"Not Found") -> Pizza Palace | K2: =TEXT(E2,"dddd") -> Tuesday | L2: =TEXT(E2,"ddd") -> Tue | M2: =TEXT(E2,"ddd") -> Tue
A3: O102 | B3: R02 | C3: Jamnagar | D3: 46316 | E3: 46316 | F3: Missing | G3: 40 | H3: 25 | I3: =VLOOKUP(B3,'Restaurant Details'!$A$2:$B$5,2,FALSE) -> Burger Hub | J3: =_xlfn.XLOOKUP(B3,'Restaurant Details'!$A$2:$A$5,'Restaurant Details'!$B$2:$B$5,"Not Found") -> Burger Hub | K3: =TEXT(E3,"dddd") -> Wednesday | L3: =TEXT(E3,"ddd") -> Wed | M3: =TEXT(E3,"ddd") -> Wed
A4: O103 | B4: R03 | C4: Rajkot | D4: 46316 | E4: 46316 | F4: Amit | G4: 25 | H4: 30 | I4: =VLOOKUP(B4,'Restaurant Details'!$A$2:$B$5,2,FALSE) -> Spice Garden | J4: =_xlfn.XLOOKUP(B4,'Restaurant Details'!$A$2:$A$5,'Restaurant Details'!$B$2:$B$5,"Not Found") -> Spice Garden | K4: =TEXT(E4,"dddd") -> Wednesday | L4: =TEXT(E4,"ddd") -> Wed | M4: =TEXT(E4,"ddd") -> Wed
A5: O104 | B5: R01 | C5: Ahmedabad | D5: 46317 | E5: 46317 | F5: Neha | G5: 35 | H5: 40 | I5: =VLOOKUP(B5,'Restaurant Details'!$A$2:$B$5,2,FALSE) -> Pizza Palace | J5: =_xlfn.XLOOKUP(B5,'Restaurant Details'!$A$2:$A$5,'Restaurant Details'!$B$2:$B$5,"Not Found") -> Pizza Palace | K5: =TEXT(E5,"dddd") -> Thursday | L5: =TEXT(E5,"ddd") -> Thu | M5: =TEXT(E5,"ddd") -> Thu
A6: O105 | B6: R02 | C6: Jamnagar | D6: 46317 | E6: 46317 | F6: Missing | G6: 28 | H6: 30 | I6: =VLOOKUP(B6,'Restaurant Details'!$A$2:$B$5,2,FALSE) -> Burger Hub | J6: =_xlfn.XLOOKUP(B6,'Restaurant Details'!$A$2:$A$5,'Restaurant Details'!$B$2:$B$5,"Not Found") -> Burger Hub | K6: =TEXT(E6,"dddd") -> Thursday | L6: =TEXT(E6,"ddd") -> Thu | M6: =TEXT(E6,"ddd") -> Thu
A7: O106 | B7: R04 | C7: Surat | D7: 46318 | E7: 46318 | F7: Karan | G7: 32 | H7: 35 | I7: =VLOOKUP(B7,'Restaurant Details'!$A$2:$B$5,2,FALSE) -> Royal Biryani | J7: =_xlfn.XLOOKUP(B7,'Restaurant Details'!$A$2:$A$5,'Restaurant Details'!$B$2:$B$5,"Not Found") -> Royal Biryani | K7: =TEXT(E7,"dddd") -> Friday | L7: =TEXT(E7,"ddd") -> Fri | M7: =TEXT(E7,"ddd") -> Fri
A8: O107 | B8: R03 | C8: Rajkot | D8: 46318 | E8: 46318 | F8: Amit | G8: 27 | H8: 25 | I8: =VLOOKUP(B8,'Restaurant Details'!$A$2:$B$5,2,FALSE) -> Spice Garden | J8: =_xlfn.XLOOKUP(B8,'Restaurant Details'!$A$2:$A$5,'Restaurant Details'!$B$2:$B$5,"Not Found") -> Spice Garden | K8: =TEXT(E8,"dddd") -> Friday | L8: =TEXT(E8,"ddd") -> Fri | M8: =TEXT(E8,"ddd") -> Fri
A9: O108 | B9: R04 | C9: Surat | D9: 46319 | E9: 46319 | F9: Neha | G9: 38 | H9: 40 | I9: =VLOOKUP(B9,'Restaurant Details'!$A$2:$B$5,2,FALSE) -> Royal Biryani | J9: =_xlfn.XLOOKUP(B9,'Restaurant Details'!$A$2:$A$5,'Restaurant Details'!$B$2:$B$5,"Not Found") -> Royal Biryani | K9: =TEXT(E9,"dddd") -> Saturday | L9: =TEXT(E9,"ddd") -> Sat | M9: =TEXT(E9,"ddd") -> Sat
A10: O109 | B10: R01 | C10: Ahmedabad | D10: 46319 | E10: 46319 | F10: Rahul | G10: 29 | H10: 30 | I10: =VLOOKUP(B10,'Restaurant Details'!$A$2:$B$5,2,FALSE) -> Pizza Palace | J10: =_xlfn.XLOOKUP(B10,'Restaurant Details'!$A$2:$A$5,'Restaurant Details'!$B$2:$B$5,"Not Found") -> Pizza Palace | K10: =TEXT(E10,"dddd") -> Saturday | L10: =TEXT(E10,"ddd") -> Sat | M10: =TEXT(E10,"ddd") -> Sat
A11: O110 | B11: R02 | C11: Jamnagar | D11: 46320 | E11: 46320 | F11: Missing | G11: 33 | H11: 35 | I11: =VLOOKUP(B11,'Restaurant Details'!$A$2:$B$5,2,FALSE) -> Burger Hub | J11: =_xlfn.XLOOKUP(B11,'Restaurant Details'!$A$2:$A$5,'Restaurant Details'!$B$2:$B$5,"Not Found") -> Burger Hub | K11: =TEXT(E11,"dddd") -> Sunday | L11: =TEXT(E11,"ddd") -> Sun | M11: =TEXT(E11,"ddd") -> Sun

Sheet Restaurant Details
A1: Restaurant ID | B1: Restaurant Name
A2: R01 | B2: Pizza Palace | I2: =VLOOKUP(B2,'Restaurant Details'!$A$2:$B$5,2,FALSE) -> #N/A
A3: R02 | B3: Burger Hub
A4: R03 | B4: Spice Garden
A5: R04 | B5: Royal Biryani
C7: =VLOOKUP(B2,'Restaurant Details'!$A$2:$B$5,2,FALSE) -> #N/A
